Unnamed: 0_x,name,latitude,longitude,free_bikes,rental_name,rental_address,Unnamed: 0_y,poi_name,poi_lat,poi_lon,Name,Rating_yelp,Location,Rating_foursquare
0.0,"C/ BILBAO, 174",41.40902,2.195415,8.0,,,0.0,Els Tres Porquets,41.407088,2.192979,,,,
0.0,"C/ BILBAO, 174",41.40902,2.195415,8.0,,,1.0,Hangar,41.408581,2.199539,,,,
0.0,"C/ BILBAO, 174",41.40902,2.195415,8.0,,,2.0,Parc del Clot,41.407833,2.190267,,,,
0.0,"C/ BILBAO, 174",41.40902,2.195415,8.0,,,3.0,Parc del Centre del Poblenou,41.406713,2.20153,,,,
0.0,"C/ BILBAO, 174",41.40902,2.195415,8.0,,,4.0,Tapa Tapa,41.404793,2.191588,,,,
0.0,"C/ BILBAO, 174",41.40902,2.195415,8.0,,,5.0,El Menjador de la Beckett,41.404701,2.199454,,,,
0.0,"C/ BILBAO, 174",41.40902,2.195415,8.0,,,6.0,Ametller Origen,41.403978,2.19773,,,,
0.0,"C/ BILBAO, 174",41.40902,2.195415,8.0,,,7.0,Bodega Sopena,41.407881,2.188106,,,,
0.0,"C/ BILBAO, 174",41.40902,2.195415,8.0,,,8.0,L'Olivera,41.405978,2.189175,,,,
0.0,"C/ BILBAO, 174",41.40902,2.195415,8.0,,,9.0,Ryu Ramen,41.403604,2.196787,,,,
0.0,"C/ BILBAO, 174",41.40902,2.195415,8.0,,,10.0,La Clotenca,41.407759,2.188045,,,,
0.0,"C/ BILBAO, 174",41.40902,2.195415,8.0,,,11.0,Kalamata,41.403926,2.198457,,,,
0.0,"C/ BILBAO, 174",41.40902,2.195415,8.0,,,12.0,Restaurante el Clot,41.408795,2.187516,,,,
0.0,"C/ BILBAO, 174",41.40902,2.195415,8.0,,,13.0,Sopa,41.402411,2.195277,,,,
0.0,"C/ BILBAO, 174",41.40902,2.195415,8.0,,,14.0,Little Fern,41.402328,2.197571,,,,
0.0,"C/ BILBAO, 174",41.40902,2.195415,8.0,,,15.0,Club de Tennis i Pàdel CEM Olímpia,41.413537,2.202507,,,,
0.0,"C/ BILBAO, 174",41.40902,2.195415,8.0,,,16.0,Recasens,41.40234,2.199762,,,,
0.0,"C/ BILBAO, 174",41.40902,2.195415,8.0,,,17.0,Mammamia,41.402671,2.200081,,,,
0.0,"C/ BILBAO, 174",41.40902,2.195415,8.0,,,18.0,Cruixent BCN,41.401818,2.200703,,,,
0.0,"C/ BILBAO, 174",41.40902,2.195415,8.0,,,19.0,Bodega Carol,41.406971,2.184857,,,,
0.0,"C/ BILBAO, 174",41.40902,2.195415,8.0,,,20.0,Baluard Barceloneta,41.402418,2.20146,,,,
0.0,"C/ BILBAO, 174",41.40902,2.195415,8.0,,,21.0,BRKLYN Torrefaction,41.405842,2.205885,,,,
0.0,"C/ BILBAO, 174",41.40902,2.195415,8.0,,,22.0,Balius Bar,41.402179,2.201564,,,,
0.0,"C/ BILBAO, 174",41.40902,2.195415,8.0,,,23.0,La Tavernícola,41.400358,2.197944,,,,
0.0,"C/ BILBAO, 174",41.40902,2.195415,8.0,,,24.0,He Cheng,41.407946,2.184297,,,,
0.0,"C/ BILBAO, 174",41.40902,2.195415,8.0,,,25.0,D'Clot,41.40957,2.184292,,,,
0.0,"C/ BILBAO, 174",41.40902,2.195415,8.0,,,26.0,Chocolat-Box,41.401421,2.201029,,,,
0.0,"C/ BILBAO, 174",41.40902,2.195415,8.0,,,27.0,Timesburg,41.400764,2.199716,,,,
0.0,"C/ BILBAO, 174",41.40902,2.195415,8.0,,,28.0,El Quinto,41.400216,2.196273,,,,
0.0,"C/ BILBAO, 174",41.40902,2.195415,8.0,,,29.0,Catalunya,41.40841,2.204803,,,,
0.0,"C/ BILBAO, 174",41.40902,2.195415,8.0,,,30.0,Papa Johns Pizza,41.407592,2.205292,,,,
0.0,"C/ BILBAO, 174",41.40902,2.195415,8.0,,,31.0,Furnos,41.401813,2.202434,,,,
0.0,"C/ BILBAO, 174",41.40902,2.195415,8.0,,,32.0,Jardins de Josep Trueta,41.404134,2.205044,,,,
0.0,"C/ BILBAO, 174",41.40902,2.195415,8.0,,,33.0,Komkal,41.413218,2.205436,,,,
0.0,"C/ BILBAO, 174",41.40902,2.195415,8.0,,,34.0,Herraiz Soto y Asociados,41.400394,2.192822,,,,
0.0,"C/ BILBAO, 174",41.40902,2.195415,8.0,,,35.0,Bar Siberia,41.411154,2.206196,,,,
0.0,"C/ BILBAO, 174",41.40902,2.195415,8.0,,,36.0,Parroquia Sagrado Corazon,41.41277,2.205434,,,,
1.0,"C/ SANT ADRIÀ, 88",41.43546,2.200157,5.0,,,37.0,Garage Beer Co,41.435291,2.196972,,,,
1.0,"C/ SANT ADRIÀ, 88",41.43546,2.200157,5.0,,,38.0,Decathlon la Maquinista,41.439672,2.197387,,,,
1.0,"C/ SANT ADRIÀ, 88",41.43546,2.200157,5.0,,,39.0,La Maquinista,41.44015,2.197932,,,,
1.0,"C/ SANT ADRIÀ, 88",41.43546,2.200157,5.0,,,40.0,Massimo Dutti,41.440103,2.197983,,,,
1.0,"C/ SANT ADRIÀ, 88",41.43546,2.200157,5.0,,,41.0,La Burguesa,41.439933,2.199028,,,,
1.0,"C/ SANT ADRIÀ, 88",41.43546,2.200157,5.0,,,42.0,Nike,41.439558,2.198084,,,,
1.0,"C/ SANT ADRIÀ, 88",41.43546,2.200157,5.0,,,43.0,Apple la Maquinista,41.440494,2.198333,,,,
1.0,"C/ SANT ADRIÀ, 88",41.43546,2.200157,5.0,,,44.0,Bar Torrente,41.433045,2.193419,,,,
1.0,"C/ SANT ADRIÀ, 88",41.43546,2.200157,5.0,,,45.0,Jack & Jones,41.439881,2.197644,,,,
1.0,"C/ SANT ADRIÀ, 88",41.43546,2.200157,5.0,,,46.0,Starbucks,41.441927,2.198533,,,,
1.0,"C/ SANT ADRIÀ, 88",41.43546,2.200157,5.0,,,47.0,Sephora,41.440071,2.198308,,,,
1.0,"C/ SANT ADRIÀ, 88",41.43546,2.200157,5.0,,,48.0,La Tagliatella,41.440583,2.198379,,,,
1.0,"C/ SANT ADRIÀ, 88",41.43546,2.200157,5.0,,,49.0,Five Guys la Maquinista,41.441056,2.198693,,,,
1.0,"C/ SANT ADRIÀ, 88",41.43546,2.200157,5.0,,,50.0,Fnac,41.44056,2.198743,,,,
1.0,"C/ SANT ADRIÀ, 88",41.43546,2.200157,5.0,,,51.0,Biblioteca Ignasi Iglésias - Can Fabra,41.434329,2.191282,,,,
1.0,"C/ SANT ADRIÀ, 88",41.43546,2.200157,5.0,,,52.0,Avis,41.431177,2.192244,,,,
1.0,"C/ SANT ADRIÀ, 88",41.43546,2.200157,5.0,,,53.0,Pastelería Buenavista,41.442223,2.20004,,,,
1.0,"C/ SANT ADRIÀ, 88",41.43546,2.200157,5.0,,,54.0,Mango,41.442698,2.200206,,,,
1.0,"C/ SANT ADRIÀ, 88",41.43546,2.200157,5.0,,,55.0,Hollister Co,41.440821,2.198272,,,,
1.0,"C/ SANT ADRIÀ, 88",41.43546,2.200157,5.0,,,56.0,VIPS la Maquinista,41.442745,2.200155,,,,
1.0,"C/ SANT ADRIÀ, 88",41.43546,2.200157,5.0,,,57.0,Xurreria xocolateria Sant Andreu,41.434951,2.189563,,,,
1.0,"C/ SANT ADRIÀ, 88",41.43546,2.200157,5.0,,,58.0,Casa del Libro,41.442698,2.200206,,,,
1.0,"C/ SANT ADRIÀ, 88",41.43546,2.200157,5.0,,,59.0,Foster's Hollywood,41.440734,2.198077,,,,
1.0,"C/ SANT ADRIÀ, 88",41.43546,2.200157,5.0,,,60.0,Casa Arana,41.435409,2.189268,,,,
1.0,"C/ SANT ADRIÀ, 88",41.43546,2.200157,5.0,,,61.0,BMW Barcelona,41.432008,2.210833,,,,
1.0,"C/ SANT ADRIÀ, 88",41.43546,2.200157,5.0,,,62.0,Casa Ametller,41.432317,2.189206,,,,
1.0,"C/ SANT ADRIÀ, 88",41.43546,2.200157,5.0,,,63.0,Rituals,41.44265,2.200257,,,,
1.0,"C/ SANT ADRIÀ, 88",41.43546,2.200157,5.0,,,64.0,Estadi Narcís Sala - UE Sant Andreu,41.428821,2.192933,,,,
1.0,"C/ SANT ADRIÀ, 88",41.43546,2.200157,5.0,,,65.0,City Self Storage,41.433232,2.206555,,,,
1.0,"C/ SANT ADRIÀ, 88",41.43546,2.200157,5.0,,,66.0,Several cafè,41.432596,2.189196,,,,
1.0,"C/ SANT ADRIÀ, 88",41.43546,2.200157,5.0,,,67.0,Leroy Merlin,41.441169,2.197997,,,,
1.0,"C/ SANT ADRIÀ, 88",41.43546,2.200157,5.0,,,68.0,Productos Alimenticios Belros,41.441069,2.199831,,,,
1.0,"C/ SANT ADRIÀ, 88",41.43546,2.200157,5.0,,,69.0,Parc Fluvial del Besòs,41.437006,2.211262,,,,
1.0,"C/ SANT ADRIÀ, 88",41.43546,2.200157,5.0,,,70.0,Enrique Tomás,41.442698,2.200206,,,,
1.0,"C/ SANT ADRIÀ, 88",41.43546,2.200157,5.0,,,71.0,Restaurante,41.443,2.202642,,,,
1.0,"C/ SANT ADRIÀ, 88",41.43546,2.200157,5.0,,,72.0,La Virgueria,41.430228,2.195079,,,,
1.0,"C/ SANT ADRIÀ, 88",41.43546,2.200157,5.0,,,73.0,Restuc,41.429361,2.203006,,,,
1.0,"C/ SANT ADRIÀ, 88",41.43546,2.200157,5.0,,,74.0,Contra Colados Garce,41.428756,2.200965,,,,
1.0,"C/ SANT ADRIÀ, 88",41.43546,2.200157,5.0,,,75.0,Restaurante Regino,41.428686,2.200175,,,,
1.0,"C/ SANT ADRIÀ, 88",41.43546,2.200157,5.0,,,76.0,Moonlight Iluminacion,41.432696,2.208469,,,,
1.0,"C/ SANT ADRIÀ, 88",41.43546,2.200157,5.0,,,77.0,Mastertent,41.428691,2.200554,,,,
1.0,"C/ SANT ADRIÀ, 88",41.43546,2.200157,5.0,,,78.0,Bar los Alpes,41.430302,2.194266,,,,
1.0,"C/ SANT ADRIÀ, 88",41.43546,2.200157,5.0,,,79.0,Forn de Pa,41.430149,2.194587,,,,
1.0,"C/ SANT ADRIÀ, 88",41.43546,2.200157,5.0,,,80.0,Restaurante Balmes,41.431594,2.207532,,,,
1.0,"C/ SANT ADRIÀ, 88",41.43546,2.200157,5.0,,,81.0,Aro Welding Technologies,41.440969,2.205886,,,,
1.0,"C/ SANT ADRIÀ, 88",41.43546,2.200157,5.0,,,82.0,Junca Restaurante,41.428934,2.203844,,,,
1.0,"C/ SANT ADRIÀ, 88",41.43546,2.200157,5.0,,,83.0,Stocks Piscinas,41.431372,2.207193,,,,
1.0,"C/ SANT ADRIÀ, 88",41.43546,2.200157,5.0,,,84.0,Wok You,41.443107,2.201017,,,,
1.0,"C/ SANT ADRIÀ, 88",41.43546,2.200157,5.0,,,85.0,Comerco Cash & Carry,41.429082,2.205125,,,,
1.0,"C/ SANT ADRIÀ, 88",41.43546,2.200157,5.0,,,86.0,Ingoprint,41.44228,2.204969,,,,
2.0,PL. JESÚS CARRASCO,41.445046,2.176726,11.0,,,87.0,Marquesina Vía Julia,41.443452,2.178472,,,,
2.0,PL. JESÚS CARRASCO,41.445046,2.176726,11.0,,,88.0,Castell de Torre Baró,41.448196,2.173903,,,,
2.0,PL. JESÚS CARRASCO,41.445046,2.176726,11.0,,,89.0,La Freidu,41.442408,2.17835,,,,
2.0,PL. JESÚS CARRASCO,41.445046,2.176726,11.0,,,90.0,Ateneu Popular de Nou Barris,41.44862,2.180072,,,,
2.0,PL. JESÚS CARRASCO,41.445046,2.176726,11.0,,,91.0,Plaça d'Ángel Pestaña,41.441637,2.179843,,,,
2.0,PL. JESÚS CARRASCO,41.445046,2.176726,11.0,,,92.0,Casal de Barri Prosperitat,41.441711,2.179956,,,,
2.0,PL. JESÚS CARRASCO,41.445046,2.176726,11.0,,,93.0,El Camarote,41.4429,2.182142,,,,
2.0,PL. JESÚS CARRASCO,41.445046,2.176726,11.0,,,94.0,Rincon Galego,41.446,2.182962,,,,
2.0,PL. JESÚS CARRASCO,41.445046,2.176726,11.0,,,95.0,Parc de la Guineueta,41.440047,2.174439,,,,
2.0,PL. JESÚS CARRASCO,41.445046,2.176726,11.0,,,96.0,IES Sant Andreu,41.440601,2.180373,,,,
2.0,PL. JESÚS CARRASCO,41.445046,2.176726,11.0,,,97.0,Farmàcia Palomo,41.446411,2.171489,,,,
2.0,PL. JESÚS CARRASCO,41.445046,2.176726,11.0,,,98.0,Hiper Bocata,41.440474,2.176766,,,,
2.0,PL. JESÚS CARRASCO,41.445046,2.176726,11.0,,,99.0,Belfort Activa,41.441496,2.172989,,,,
2.0,PL. JESÚS CARRASCO,41.445046,2.176726,11.0,,,100.0,La Sirena,41.438476,2.176882,,,,
2.0,PL. JESÚS CARRASCO,41.445046,2.176726,11.0,,,101.0,Bar Valcano,41.441396,2.172712,,,,
2.0,PL. JESÚS CARRASCO,41.445046,2.176726,11.0,,,102.0,La Bodegueta d'en Miquel,41.437243,2.174071,,,,
2.0,PL. JESÚS CARRASCO,41.445046,2.176726,11.0,,,103.0,Pizzeria Il Duomo & la Mole,41.442244,2.187161,,,,
2.0,PL. JESÚS CARRASCO,41.445046,2.176726,11.0,,,104.0,Plaça Llucmajor,41.437744,2.174401,,,,
2.0,PL. JESÚS CARRASCO,41.445046,2.176726,11.0,,,105.0,5 Hermanos,41.444176,2.165909,,,,
2.0,PL. JESÚS CARRASCO,41.445046,2.176726,11.0,,,106.0,Mercat de la Guineueta,41.438592,2.170234,,,,
2.0,PL. JESÚS CARRASCO,41.445046,2.176726,11.0,,,107.0,Cervecería & Cafetería Viki,41.450123,2.184307,,,,
2.0,PL. JESÚS CARRASCO,41.445046,2.176726,11.0,,,108.0,Casa Castro,41.439502,2.170319,,,,
2.0,PL. JESÚS CARRASCO,41.445046,2.176726,11.0,,,109.0,Fragola,41.437996,2.173172,,,,
2.0,PL. JESÚS CARRASCO,41.445046,2.176726,11.0,,,110.0,Coluxdent Clinica Dental,41.439147,2.179333,,,,
2.0,PL. JESÚS CARRASCO,41.445046,2.176726,11.0,,,111.0,Mercadona,41.437597,2.180506,,,,
2.0,PL. JESÚS CARRASCO,41.445046,2.176726,11.0,,,112.0,El Abuelo,41.438772,2.175224,,,,
2.0,PL. JESÚS CARRASCO,41.445046,2.176726,11.0,,,113.0,La Botigueta del Bon Menjar,41.436599,2.17284,,,,
2.0,PL. JESÚS CARRASCO,41.445046,2.176726,11.0,,,114.0,Correos,41.437453,2.175383,,,,
2.0,PL. JESÚS CARRASCO,41.445046,2.176726,11.0,,,115.0,Parque Infantil Canyelles,41.443592,2.167995,,,,
2.0,PL. JESÚS CARRASCO,41.445046,2.176726,11.0,,,116.0,Mirador de Torre Baró,41.451693,2.178617,,,,
2.0,PL. JESÚS CARRASCO,41.445046,2.176726,11.0,,,117.0,Residencia de Gent Gran Trinitat,41.447829,2.184946,,,,
2.0,PL. JESÚS CARRASCO,41.445046,2.176726,11.0,,,118.0,Ceip Sant Jordi,41.448665,2.184918,,,,
2.0,PL. JESÚS CARRASCO,41.445046,2.176726,11.0,,,119.0,Correos,41.437649,2.175558,,,,
2.0,PL. JESÚS CARRASCO,41.445046,2.176726,11.0,,,120.0,Pretoblanc,41.444107,2.185845,,,,
2.0,PL. JESÚS CARRASCO,41.445046,2.176726,11.0,,,121.0,Tokio,41.437135,2.175146,,,,
2.0,PL. JESÚS CARRASCO,41.445046,2.176726,11.0,,,122.0,Centre D´Educacio Infantil I Primaria Merce Rodoreda,41.445844,2.1862,,,,
2.0,PL. JESÚS CARRASCO,41.445046,2.176726,11.0,,,123.0,Daytona,41.443197,2.18576,,,,
2.0,PL. JESÚS CARRASCO,41.445046,2.176726,11.0,,,124.0,Casa Angelita,41.437252,2.172719,,,,
2.0,PL. JESÚS CARRASCO,41.445046,2.176726,11.0,,,125.0,Turó de Roquetes,41.450511,2.170358,,,,
2.0,PL. JESÚS CARRASCO,41.445046,2.176726,11.0,,,126.0,Escola Bressol Municipal Colometa,41.446088,2.186323,,,,
2.0,PL. JESÚS CARRASCO,41.445046,2.176726,11.0,,,127.0,Centre D´atencio Primaria Ciutat Meridiana,41.452053,2.173147,,,,
2.0,PL. JESÚS CARRASCO,41.445046,2.176726,11.0,,,128.0,Caprabo,41.44282,2.187614,,,,
2.0,PL. JESÚS CARRASCO,41.445046,2.176726,11.0,,,129.0,Pecäs Accessories,41.447281,2.186778,,,,
2.0,PL. JESÚS CARRASCO,41.445046,2.176726,11.0,,,130.0,Farmacia Seguí i Sala,41.442553,2.187694,,,,
2.0,PL. JESÚS CARRASCO,41.445046,2.176726,11.0,,,131.0,E.S. Inmuebles y Estructuras,41.443929,2.188242,,,,
2.0,PL. JESÚS CARRASCO,41.445046,2.176726,11.0,,,132.0,Glassmur,41.448742,2.187239,,,,
2.0,PL. JESÚS CARRASCO,41.445046,2.176726,11.0,,,133.0,Ibérica de Jamones,41.442557,2.188073,,,,
3.0,"C/ RAMON TURRÓ, 292",41.403856,2.208426,1.0,,,134.0,Bar Andalucía,41.40301,2.207488,,,,
3.0,"C/ RAMON TURRÓ, 292",41.403856,2.208426,1.0,,,135.0,Palo Alto Market,41.404533,2.210372,,,,
3.0,"C/ RAMON TURRÓ, 292",41.403856,2.208426,1.0,,,136.0,Traspaso,41.405087,2.209974,,,,
3.0,"C/ RAMON TURRÓ, 292",41.403856,2.208426,1.0,,,137.0,BRKLYN Torrefaction,41.405842,2.205885,,,,
3.0,"C/ RAMON TURRÓ, 292",41.403856,2.208426,1.0,,,138.0,Jardins de Josep Trueta,41.404134,2.205044,,,,
3.0,"C/ RAMON TURRÓ, 292",41.403856,2.208426,1.0,,,139.0,El Fornet de Can Romà,41.406746,2.207727,,,,
3.0,"C/ RAMON TURRÓ, 292",41.403856,2.208426,1.0,,,140.0,La Marea,41.401715,2.210976,,,,
3.0,"C/ RAMON TURRÓ, 292",41.403856,2.208426,1.0,,,141.0,Les Petits Plaisirs,41.404611,2.212974,,,,
3.0,"C/ RAMON TURRÓ, 292",41.403856,2.208426,1.0,,,142.0,Bitácora Poblenou,41.40105,2.204684,,,,
3.0,"C/ RAMON TURRÓ, 292",41.403856,2.208426,1.0,,,143.0,Nollegiu,41.400101,2.205586,,,,
3.0,"C/ RAMON TURRÓ, 292",41.403856,2.208426,1.0,,,144.0,Cerveseria l'Alternativa,41.405009,2.203152,,,,
3.0,"C/ RAMON TURRÓ, 292",41.403856,2.208426,1.0,,,145.0,Federal,41.399656,2.205785,,,,
3.0,"C/ RAMON TURRÓ, 292",41.403856,2.208426,1.0,,,146.0,The Cake Man Bakery,41.400066,2.205541,,,,
3.0,"C/ RAMON TURRÓ, 292",41.403856,2.208426,1.0,,,147.0,mésDvi,41.400096,2.205029,,,,
3.0,"C/ RAMON TURRÓ, 292",41.403856,2.208426,1.0,,,148.0,Desoriente,41.400724,2.20369,,,,
3.0,"C/ RAMON TURRÓ, 292",41.403856,2.208426,1.0,,,149.0,ApriBocca - Italian Restaurant,41.399539,2.205047,,,,
3.0,"C/ RAMON TURRÓ, 292",41.403856,2.208426,1.0,,,150.0,Can Oliva,41.407183,2.203426,,,,
3.0,"C/ RAMON TURRÓ, 292",41.403856,2.208426,1.0,,,151.0,Baluard Barceloneta,41.402418,2.20146,,,,
3.0,"C/ RAMON TURRÓ, 292",41.403856,2.208426,1.0,,,152.0,Nova Mar Bella Beach (Platja de la Nova Mar Bella),41.401874,2.215097,,,,
3.0,"C/ RAMON TURRÓ, 292",41.403856,2.208426,1.0,,,153.0,El Tío Che,41.400145,2.202868,,,,
3.0,"C/ RAMON TURRÓ, 292",41.403856,2.208426,1.0,,,154.0,Balius Bar,41.402179,2.201564,,,,
3.0,"C/ RAMON TURRÓ, 292",41.403856,2.208426,1.0,,,155.0,Dino's Ice Cream,41.40091,2.201478,,,,
3.0,"C/ RAMON TURRÓ, 292",41.403856,2.208426,1.0,,,156.0,Melocomo,41.401822,2.201082,,,,
3.0,"C/ RAMON TURRÓ, 292",41.403856,2.208426,1.0,,,157.0,Cruixent BCN,41.401818,2.200703,,,,
3.0,"C/ RAMON TURRÓ, 292",41.403856,2.208426,1.0,,,158.0,Parc Diagonal Mar (Parc de Diagonal Mar),41.40742,2.214777,,,,
3.0,"C/ RAMON TURRÓ, 292",41.403856,2.208426,1.0,,,159.0,La Cervecita Nuestra de Cada Día,41.400385,2.201558,,,,
3.0,"C/ RAMON TURRÓ, 292",41.403856,2.208426,1.0,,,160.0,Mar Bella Beach (Platja de la Mar Bella),41.400382,2.212108,,,,
3.0,"C/ RAMON TURRÓ, 292",41.403856,2.208426,1.0,,,161.0,Mystery Escape,41.40703,2.202822,,,,
3.0,"C/ RAMON TURRÓ, 292",41.403856,2.208426,1.0,,,162.0,Chocolat-Box,41.401421,2.201029,,,,
3.0,"C/ RAMON TURRÓ, 292",41.403856,2.208426,1.0,,,163.0,Mammamia,41.402671,2.200081,,,,
3.0,"C/ RAMON TURRÓ, 292",41.403856,2.208426,1.0,,,164.0,Parc del Poblenou,41.397117,2.207435,,,,
3.0,"C/ RAMON TURRÓ, 292",41.403856,2.208426,1.0,,,165.0,Vrutal,41.398424,2.205084,,,,
3.0,"C/ RAMON TURRÓ, 292",41.403856,2.208426,1.0,,,166.0,Skatepark Marbella,41.397796,2.210643,,,,
3.0,"C/ RAMON TURRÓ, 292",41.403856,2.208426,1.0,,,167.0,Santagloria,41.400424,2.201804,,,,
3.0,"C/ RAMON TURRÓ, 292",41.403856,2.208426,1.0,,,168.0,Recasens,41.40234,2.199762,,,,
3.0,"C/ RAMON TURRÓ, 292",41.403856,2.208426,1.0,,,169.0,La Real,41.398516,2.203548,,,,
3.0,"C/ RAMON TURRÓ, 292",41.403856,2.208426,1.0,,,170.0,Parc del Centre del Poblenou,41.406713,2.20153,,,,
3.0,"C/ RAMON TURRÓ, 292",41.403856,2.208426,1.0,,,171.0,Enrique Tomás - Rambla de Poblenou,41.399474,2.203583,,,,
3.0,"C/ RAMON TURRÓ, 292",41.403856,2.208426,1.0,,,172.0,El Menjador de la Beckett,41.404701,2.199454,,,,
3.0,"C/ RAMON TURRÓ, 292",41.403856,2.208426,1.0,,,173.0,365 Obrador,41.399889,2.202561,,,,
3.0,"C/ RAMON TURRÓ, 292",41.403856,2.208426,1.0,,,174.0,Sala Beckett / Obrador Internacional de Dramatúrgia,41.404701,2.199454,,,,
3.0,"C/ RAMON TURRÓ, 292",41.403856,2.208426,1.0,,,175.0,Llevant Beach (Platja de Llevant),41.404462,2.218023,,,,
3.0,"C/ RAMON TURRÓ, 292",41.403856,2.208426,1.0,,,176.0,Timesburg,41.400764,2.199716,,,,
3.0,"C/ RAMON TURRÓ, 292",41.403856,2.208426,1.0,,,177.0,Kalamata,41.403926,2.198457,,,,
3.0,"C/ RAMON TURRÓ, 292",41.403856,2.208426,1.0,,,178.0,Pork & Tuna,41.406317,2.217006,,,,
3.0,"C/ RAMON TURRÓ, 292",41.403856,2.208426,1.0,,,179.0,Madrelievito,41.397627,2.203248,,,,
3.0,"C/ RAMON TURRÓ, 292",41.403856,2.208426,1.0,,,180.0,Vapiano,41.409859,2.21496,,,,
3.0,"C/ RAMON TURRÓ, 292",41.403856,2.208426,1.0,,,181.0,El Pipa,41.399727,2.200245,,,,
3.0,"C/ RAMON TURRÓ, 292",41.403856,2.208426,1.0,,,182.0,Hangar,41.408581,2.199539,,,,
3.0,"C/ RAMON TURRÓ, 292",41.403856,2.208426,1.0,,,183.0,Little Fern,41.402328,2.197571,,,,
4.0,"C/ DEL CANÓ, 1",41.40133,2.157444,5.0,,,184.0,Nabucco Tiramisu,41.400462,2.157752,,,,
4.0,"C/ DEL CANÓ, 1",41.40133,2.157444,5.0,,,185.0,Mr. Kakigori,41.400318,2.157905,,,,
4.0,"C/ DEL CANÓ, 1",41.40133,2.157444,5.0,,,186.0,La Vermu,41.400087,2.156809,,,,
4.0,"C/ DEL CANÓ, 1",41.40133,2.157444,5.0,,,187.0,Lluritu 2,41.402141,2.156289,,,,
4.0,"C/ DEL CANÓ, 1",41.40133,2.157444,5.0,,,188.0,La Xula Taperia,41.402387,2.158577,,,,
4.0,"C/ DEL CANÓ, 1",41.40133,2.157444,5.0,,,189.0,Syra Coffee,41.400981,2.159596,,,,
4.0,"C/ DEL CANÓ, 1",41.40133,2.157444,5.0,,,190.0,Messié Pizza 100% Sense Gluten,41.401055,2.159709,,,,
4.0,"C/ DEL CANÓ, 1",41.40133,2.157444,5.0,,,191.0,Hibernian,41.401977,2.154603,,,,
4.0,"C/ DEL CANÓ, 1",41.40133,2.157444,5.0,,,192.0,Botafumeiro,41.4004,2.154557,,,,
4.0,"C/ DEL CANÓ, 1",41.40133,2.157444,5.0,,,193.0,Quinoa Bar Vegetarià,41.402792,2.160063,,,,
4.0,"C/ DEL CANÓ, 1",41.40133,2.157444,5.0,,,194.0,Haiku,41.401728,2.154101,,,,
4.0,"C/ DEL CANÓ, 1",41.40133,2.157444,5.0,,,195.0,La Antigua de Mexico,41.403876,2.158428,,,,
4.0,"C/ DEL CANÓ, 1",41.40133,2.157444,5.0,,,196.0,Cine Verdi,41.403954,2.156811,,,,
4.0,"C/ DEL CANÓ, 1",41.40133,2.157444,5.0,,,197.0,A Casa Portuguesa,41.403823,2.155991,,,,
4.0,"C/ DEL CANÓ, 1",41.40133,2.157444,5.0,,,198.0,Verdi Park,41.404377,2.157703,,,,
4.0,"C/ DEL CANÓ, 1",41.40133,2.157444,5.0,,,199.0,Bar Salvatge,41.404416,2.156316,,,,
4.0,"C/ DEL CANÓ, 1",41.40133,2.157444,5.0,,,200.0,Can Luc,41.400387,2.153421,,,,
4.0,"C/ DEL CANÓ, 1",41.40133,2.157444,5.0,,,201.0,Macchina Pasta Bar,41.402995,2.153613,,,,
4.0,"C/ DEL CANÓ, 1",41.40133,2.157444,5.0,,,202.0,Mercat de la Llibertat,41.399795,2.153573,,,,
4.0,"C/ DEL CANÓ, 1",41.40133,2.157444,5.0,,,203.0,Be House,41.397919,2.159024,,,,
4.0,"C/ DEL CANÓ, 1",41.40133,2.157444,5.0,,,204.0,SlowMov,41.398136,2.154765,,,,
4.0,"C/ DEL CANÓ, 1",41.40133,2.157444,5.0,,,205.0,Old Fashioned,41.398037,2.159761,,,,
4.0,"C/ DEL CANÓ, 1",41.40133,2.157444,5.0,,,206.0,Chök,41.405256,2.157245,,,,
4.0,"C/ DEL CANÓ, 1",41.40133,2.157444,5.0,,,207.0,Casa López,41.404733,2.155021,,,,
4.0,"C/ DEL CANÓ, 1",41.40133,2.157444,5.0,,,208.0,Kibuka,41.404864,2.155841,,,,
4.0,"C/ DEL CANÓ, 1",41.40133,2.157444,5.0,,,209.0,Taverna el Glop,41.404895,2.159547,,,,
4.0,"C/ DEL CANÓ, 1",41.40133,2.157444,5.0,,,210.0,La Pepita,41.398016,2.161031,,,,
4.0,"C/ DEL CANÓ, 1",41.40133,2.157444,5.0,,,211.0,Lukumas,41.404807,2.15408,,,,
4.0,"C/ DEL CANÓ, 1",41.40133,2.157444,5.0,,,212.0,Parallelo,41.397011,2.156393,,,,
4.0,"C/ DEL CANÓ, 1",41.40133,2.157444,5.0,,,213.0,Chivuo's,41.40495,2.153926,,,,
4.0,"C/ DEL CANÓ, 1",41.40133,2.157444,5.0,,,214.0,Bosque Multicines,41.401545,2.151899,,,,
4.0,"C/ DEL CANÓ, 1",41.40133,2.157444,5.0,,,215.0,Yoi Yoi Gion,41.396509,2.160719,,,,
4.0,"C/ DEL CANÓ, 1",41.40133,2.157444,5.0,,,216.0,Palau Robert,41.396082,2.159448,,,,
4.0,"C/ DEL CANÓ, 1",41.40133,2.157444,5.0,,,217.0,Jardins del Palau Robert,41.396003,2.158932,,,,
4.0,"C/ DEL CANÓ, 1",41.40133,2.157444,5.0,,,218.0,Casa Vicens,41.403482,2.150697,,,,
4.0,"C/ DEL CANÓ, 1",41.40133,2.157444,5.0,,,219.0,Ramen-Ya Hiro,41.399649,2.164947,,,,
4.0,"C/ DEL CANÓ, 1",41.40133,2.157444,5.0,,,220.0,The Fish & Chips Shop,41.399407,2.150439,,,,
4.0,"C/ DEL CANÓ, 1",41.40133,2.157444,5.0,,,221.0,Baluard,41.39654,2.162316,,,,
4.0,"C/ DEL CANÓ, 1",41.40133,2.157444,5.0,,,222.0,La Papa 2.0,41.396474,2.161906,,,,
4.0,"C/ DEL CANÓ, 1",41.40133,2.157444,5.0,,,223.0,La Rovira,41.407459,2.15806,,,,
4.0,"C/ DEL CANÓ, 1",41.40133,2.157444,5.0,,,224.0,Vermuteria Lou,41.40591,2.162397,,,,
4.0,"C/ DEL CANÓ, 1",41.40133,2.157444,5.0,,,225.0,Café Adonis,41.401239,2.165075,,,,
4.0,"C/ DEL CANÓ, 1",41.40133,2.157444,5.0,,,226.0,Bar Morryssom,41.399309,2.164925,,,,
4.0,"C/ DEL CANÓ, 1",41.40133,2.157444,5.0,,,227.0,Massimo Dutti,41.39566,2.161719,,,,
4.0,"C/ DEL CANÓ, 1",41.40133,2.157444,5.0,,,228.0,Baluard,41.396235,2.163216,,,,
4.0,"C/ DEL CANÓ, 1",41.40133,2.157444,5.0,,,229.0,Circulo Ecuestre,41.395667,2.154041,,,,
4.0,"C/ DEL CANÓ, 1",41.40133,2.157444,5.0,,,230.0,Feroz,41.396516,2.150932,,,,
4.0,"C/ DEL CANÓ, 1",41.40133,2.157444,5.0,,,231.0,Casa Milà,41.39538,2.161868,,,,
4.0,"C/ DEL CANÓ, 1",41.40133,2.157444,5.0,,,232.0,Can Kenji,41.400368,2.16629,,,,
4.0,"C/ DEL CANÓ, 1",41.40133,2.157444,5.0,,,233.0,Toma Ya Street Food,41.406293,2.152356,,,,
,,41.410596,2.191013,,Biciclo taller bicicletes,"Verneda, 18",,,,,,,,
,,41.413293,2.199218,,Bicing 382,"De Lope de Vega, 79",,,,,,,,
,,41.403226,2.195978,,Bicing 143,"De Sancho de Avila, 170",,,,,,,,
,,41.40444,2.19043,,Bicing 42,"De la Ciutat de Granada, 168",,,,,,,,
,,41.406051,2.202974,,Bicing 150,"Espronceda, 124",,,,,,,,
,,41.402973,2.191418,,Bicing 286,"De Bolívia, 76",,,,,,,,
,,41.401988,2.197549,,Bicing 393,"Carrer de Llacuna, 86",,,,,,,,
,,41.401841,2.200484,,Bicing 153,"De Pujades, 173",,,,,,,,
,,41.4026,2.202089,,Bicing 154,"Pujades, 191",,,,,,,,
,,41.385068,2.15498,,,,,,,,Orient Express Cocktail Bar,5.0,"Carrer del Comte d'Urgell, 134",
,,41.38956,2.1798099,,,,,,,,Ginette,5.0,"Carrer del Rec Comtal, 12",
,,41.39229,2.15129,,,,,,,,Pasticelía,5.0,"Carrer de París, 165",
,,41.3798,2.15922,,,,,,,,Itacate,5.0,"Carrer de Comte Borrell, 107",
,,41.4009578,2.1861613,,,,,,,,Stop & Mos,5.0,"Carrer de los Castillejos, 158",
,,41.37713,2.17506,,,,,,,,Somnia,5.0,"Calle Montserrat, 13",
,,41.37516,2.1614399,,,,,,,,Nomm,5.0,"Avinguda del Paraŀlel, 130",
,,41.38613,2.17998,,,,,,,,La Catalista,5.0,"Carrer dels Carders, 11",
,,41.394863,2.1712607,,,,,,,,Bicnic,5.0,"Carrer de Girona, 68",
,,41.3727303,2.16781,,,,,,,,Obsessions,5.0,"Carrer Nou de la Rambla, 149",
,,41.379211,2.154061,,,,,,,,El Desván,5.0,"Gran Via de les Corts Catalanes, 453",
,,41.379494,2.190613,,,,,,,,El Bar del Basko,5.0,"Carrer de Guitert, 19",
,,41.3967893785501,2.17977493907759,,,,,,,,Pizzeria Carla,5.0,"Carrer de Sicília, 117",
,,41.40128,2.17457,,,,,,,,Zed,5.0,"Carrer de València, 399",
,,41.4071487,2.175912,,,,,,,,Casa Mariol,5.0,"Carrer del Rosellón, 442",
,,41.37421,2.16323,,,,,,,,Rekons,5.0,"Carrer de Blai, 48",
,,41.379203226585,2.17919612657055,,,,,,,,Fruit Express,5.0,"Carrer de la Mercé, 8",
,,41.39719,2.16719,,,,,,,,Greco's of Brooklyn,5.0,"Carrer de Mallorca, 308",
,,41.40701,2.1752064,,,,,,,,Copitas,5.0,"Carrer del Rosselló, 473",
,,41.379588,2.163892,,,,,,,,Cal Robert,5.0,"Carrer de Requesens, 7",
,,41.38727,2.15592,,,,,,,,The Coffee House,5.0,"Carrer de València, 143",
,,41.3903936,2.1568674,,,,,,,,Sergi de Meià,5.0,Carrer laForja 83,
,,41.38381587,2.18163391,,,,,,,,Bodega,5.0,"Carrer dels Mirallers, 15",
,,41.38252,2.17342,,,,,,,,Espai Quera Llibres i platillos,5.0,"Carrer de Petritxol, 2",
,,41.40206,2.20104,,,,,,,,Madame George,5.0,"Carrer de Pujades, 179",
,,41.37864,2.19053,,,,,,,,Can Sardi,5.0,"Carrer de Pepe Rubianes, 25",
,,41.39819,2.15505,,,,,,,,Raffaelli,5.0,"Carrer de Luis Antúnez, 11",
,,41.38537,2.16123,,,,,,,,La Tartareria,5.0,"Carrer de Muntaner, 26",
,,41.3795870007068,2.16014217585325,,,,,,,,Makekosa,5.0,"Carrer de Floridablanca, 102",
,,41.38196,2.16963,,,,,,,,Mastica,5.0,"Carrer del Carme, 40",
,,41.3748063381395,2.16490477321486,,,,,,,,Efsane Istanbul,5.0,"Av. del Paraŀlel, 91",
,,41.38172,2.17983,,,,,,,,El Barón,5.0,"Carrer Correu Vell, 10",
,,41.391758,2.166739,,,,,,,,Quixote,5.0,"Carrer del Consell de Cent, 314",
,,41.4140811275411,2.18415934592485,,,,,,,,Miseria e Nobilta,5.0,"Carrer de Besalú, 46",
,,41.38841,2.17657,,,,,,,,Flax & Kale,5.0,"Carrer de Sant Pere Més Alt, 31-33",
,,41.3997192,2.1682701,,,,,,,,La Bodegueta de Verdaguer,5.0,"Carrer de Provença, 366",
,,41.38082,2.18089,,,,,,,,Imperfecto36,5.0,"Carrer de la Mercè, 36",
,,41.3726889978646,2.16787733137608,,,,,,,,Taitu,5.0,"Carrer Nou de la Rambla, 149",
,,41.40181,2.15445,,,,,,,,Kiltro,5.0,"Carrer del Montseny, 13",
,,41.36212,2.10853,,,,,,,,Gastro Burger,5.0,"Carrer Mestre Candi, 1",
,,41.38189,2.15365,,,,,,,,Roux Bar,5.0,"Carrer del Consell de Cent, 140",
,,41.3845503115756,2.168644,,,,,,,,Dalston Coffee,5.0,"Carrer de les Ramelleres, 16",
,,41.39194,2.18864,,,,,,,,Don Picantón,5.0,"Carrer Sardenya, 74",
,,41.37311,2.16706,,,,,,,,Lilith & Sons,5.0,"Carrer d'En Fontrodona, 23",
,,41.38677,2.13429,,,,,,,,Sabor de Chengdu,5.0,"Carrer de Joan Gamper, 3",
,,41.394489,2.160065,,,,,,,,Pur,5.0,"Passatge de la Concepció, 11",
,,41.3761902,2.1533599,,,,,,,,Vino y Otros Remedios,5.0,"Carrer Sepulveda, 30",
,,41.3715737817839,2.16545366682452,,,,,,,,La Platilleria,5.0,"Carrer del Roser, 82",
,,41.377952,2.1570735,,,,,,,,Amiette,5.0,"Carrer de Calabria, 65",
,,41.37958,2.17736,,,,,,,,Tast-Ller [15 Loft],5.0,"Carrer d'Obradors, 15",
,,,,,,,,,,,Cerveseria Catalana,,"Carrer de Mallorca, 236, Barcelona, ES",4.4
,,,,,,,,,,,Ciutat Comtal,,"Rambla de Catalunya, 18, Barcelona, ES",4.2
,,,,,,,,,,,Arume,,"Carrer d'En Botella, 11, Barcelona, ES",4.6
,,,,,,,,,,,La Pepita,,"Carrer de Còrsega, 343, Barcelona, ES",4.6
,,,,,,,,,,,My Fucking Restaurant,,"Carrer Nou de la Rambla, 35, Barcelona, ES",4.4
,,,,,,,,,,,Casa Lolea,,"Carrer de Sant Pere Mes Alt, 49, Barcelona, ES",4.6
,,,,,,,,,,,Churrería Laietana,,"Via Laietana, 46, Barcelona, ES",4.8
,,,,,,,,,,,Micu Maku,,"Carrer d'Aribau, 22, Barcelona, ES",4.8
,,,,,,,,,,,Arcano,,"Carrer dels Mercaders, 10, Barcelona, ES",4.5
,,,,,,,,,,,Brunch & Cake,,"Carrer d'Enric Granados, 19, Barcelona, ES",4.2
,,,,,,,,,,,Billy Brunch,,"Carrer de Bailèn, 115, Barcelona, ES",4.8
,,,,,,,,,,,Somorrostro,,"Carrer de Sant Carles, 11, Barcelona, ES",4.4
,,,,,,,,,,,Tapeo,,"Carrer de Montcada, 29, Barcelona, ES",4.6
,,,,,,,,,,,TAPS,,"Carrer de Mare de Deu del Remei, 53, Barcelona, ES",4.9
,,,,,,,,,,,Milk Bar & Bistro,,"Carrer d'en Gignàs, 21, Barcelona, ES",4.5
,,,,,,,,,,,Cera 23,,"Carrer de la Cera, 23, Barcelona, ES",4.6
,,,,,,,,,,,Restaurant La Tasqueta de Blai,,"Carrer de Blai, 17, Barcelona, ES",4.5
,,,,,,,,,,,Hänsel,,"Carrer de Provença, 237, Barcelona, ES",4.5
,,,,,,,,,,,Cañete,,"Carrer de la Unió, 17, Barcelona, ES",4.6
,,,,,,,,,,,Vinitus,,"Carrer Del Consell de Cent, 333, Barcelona, ES",4.6
,,,,,,,,,,,Amarre 69,,"Paseo Juan de Borbón, 69, Barcelona, ES",4.6
,,,,,,,,,,,Guell,,"Calle Nou de la Rambla, 20, Barcelona, ES",4.5
,,,,,,,,,,,Disfrutar,,"Carrer de Villarroel, 163, Barcelona, ES",4.8
,,,,,,,,,,,El Asador de Aranda,,"Calle Pau Claris, 70, Barcelona, ES",4.7
,,,,,,,,,,,Citizen Café,,"Plaça d'Urquinaona, 4, Barcelona, ES",4.4
,,,,,,,,,,,La Catalista,,"Carrer dels Carders, 11, Barcelona, ES",5.0
,,,,,,,,,,,Paisano Bistró ,,"Carrer de Lepant, 277, Barcelona, ES",4.8
,,,,,,,,,,,Cremat 11,,"Carrer Cremat Gran, 11, Barcelona, ES",4.9
,,,,,,,,,,,La Taverneta,,"Carrer de Francesc Pujols, 6, Barcelona, ES",4.8
,,,,,,,,,,,Caravelle,,"Carrer del Pintor Fortuny, 31, Barcelona, ES",4.6
,,,,,,,,,,,Breik,,"Carrer dels Tallers, 72, Barcelona, ES",4.7
,,,,,,,,,,,Le Romane,,"Carrer de Muntaner, 103, Barcelona, ES",4.9
,,,,,,,,,,,EatMyTrip Brunch & Bakery Barcelona,,"Carrer del Consell de Cent, 378, Barcelona, ES",4.4
,,,,,,,,,,,Quimet & Quimet,,"Carrer del Poeta Cabanyes, 25, Barcelona, ES",4.6
,,,,,,,,,,,Chez Cocó,,"Avinguda Diagonal, 465, Barcelona, ES",4.5
,,,,,,,,,,,La Paradeta,,"Passatge de Simó, 18, Barcelona, ES",4.4
,,,,,,,,,,,Sucursal Aceitera,,"Carrer del Comte Borrell, 36, Barcelona, ES",4.9
,,,,,,,,,,,Tosca,,"Carrer de Sant Pere Més Alt, 8, Barcelona, ES",4.3
,,,,,,,,,,,Jansana,,"Carrer de Balmes, 106, Barcelona, ES",4.8
,,,,,,,,,,,Tucco Real Food Born,,"Carrer del Consolat de Mar, 23, Barcelona, ES",4.7
,,,,,,,,,,,Tickets,,"Avenida del Paral·lel, 164, Barcelona, ES",4.5
,,,,,,,,,,,La Flauta,,"Carrer d'Aribau, 23, Barcelona, ES",4.3
,,,,,,,,,,,El Pintxo de Petritxol,,"Carrer de Petritxol, 9, Barcelona, ES",4.2
,,,,,,,,,,,Bo de Boqueria,,"Carrer Petxina, 5-7, Barcelona, ES",4.6
,,,,,,,,,,,Vinitus Germà Petit,,"Carrer d'Aragó, 282, Barcelona, ES",4.8
,,,,,,,,,,,The Venue Steakhouse,,"Carrer del Rosselló, 365, Barcelona, ES",4.8
,,,,,,,,,,,Ugot Bruncherie,,"Carrer de Viladomat, 138, Barcelona, ES",4.6
,,,,,,,,,,,Federal,,"Passatge de la Pau, 11, Barcelona, ES",4.4
,,,,,,,,,,,Encercle,,"Carrer de Còrsega, 372, Barcelona, ES",4.8
,,,,,,,,,,,Bodega Biarritz 1881,,"Carrer del Vidre, 8, Barcelona, ES",4.4
